{
  "dataset_dir": "data\\chart_retrain\\live50_30d_final\\combined",
  "samples": 3000,
  "label_counts": {
    "0": 2512,
    "1": 488
  },
  "metrics": {
    "mode": "pca_logistic",
    "train_samples": 2250,
    "test_samples": 750,
    "accuracy": 0.6066666666666667,
    "balanced_accuracy": 0.5901117260102329,
    "model_comparison": {
      "logistic_raw": {
        "accuracy": 0.7466666666666667,
        "balanced_accuracy": 0.5548318889004907
      },
      "pca_logistic": {
        "accuracy": 0.6066666666666667,
        "balanced_accuracy": 0.5901117260102329
      },
      "pca_rf": {
        "accuracy": 0.8373333333333334,
        "balanced_accuracy": 0.5
      },
      "pca_et": {
        "accuracy": 0.8373333333333334,
        "balanced_accuracy": 0.5
      }
    },
    "pca_dim": 64
  },
  "model_out": "data\\chart_models\\live50_30d_final.pkl"
}