{
  "dataset_dir": "data\\chart_retrain\\live50_30d_sell_final\\combined",
  "samples": 3000,
  "label_counts": {
    "0": 2149,
    "1": 851
  },
  "metrics": {
    "mode": "pca_logistic",
    "train_samples": 2250,
    "test_samples": 750,
    "accuracy": 0.6013333333333334,
    "balanced_accuracy": 0.5799695753665381,
    "model_comparison": {
      "logistic_raw": {
        "accuracy": 0.6293333333333333,
        "balanced_accuracy": 0.5499514779552548
      },
      "pca_logistic": {
        "accuracy": 0.6013333333333334,
        "balanced_accuracy": 0.5799695753665381
      },
      "pca_rf": {
        "accuracy": 0.7226666666666667,
        "balanced_accuracy": 0.5188186849214467
      },
      "pca_et": {
        "accuracy": 0.7186666666666667,
        "balanced_accuracy": 0.5103601122564062
      }
    },
    "pca_dim": 64
  },
  "model_out": "data\\chart_models\\live50_30d_sell_final.pkl"
}